{
  "dt": 0.5599705665930832,
  "knn": 0.5018395879323032,
  "nn": 0.5614422369389257,
  "svm": 0.5614422369389257,
  "timestamp": "20260530_130509"
}