{
  "dt": 0.5753526354862658,
  "knn": 0.5285820341499629,
  "nn": 0.5530809205642168,
  "svm": 0.5530809205642168,
  "timestamp": "20260528_002604"
}