{
  "dt": 0.5776805251641138,
  "knn": 0.5485047410649161,
  "nn": 0.5587162654996353,
  "svm": 0.5587162654996353,
  "timestamp": "20260530_160855"
}