{
  "dt": 0.5569434239529758,
  "knn": 0.5224099926524615,
  "nn": 0.5481263776634827,
  "svm": 0.5481263776634827,
  "timestamp": "20260530_140817"
}