{
  "dt": 0.5796559461480928,
  "knn": 0.5228122662677637,
  "nn": 0.5430067314884068,
  "svm": 0.5430067314884068,
  "timestamp": "20260527_235156"
}